epoch,time,train/box_loss,train/seg_loss,train/cls_loss,train/dfl_loss,metrics/precision(B),metrics/recall(B),metrics/mAP50(B),metrics/mAP50-95(B),metrics/precision(M),metrics/recall(M),metrics/mAP50(M),metrics/mAP50-95(M),val/box_loss,val/seg_loss,val/cls_loss,val/dfl_loss,lr/pg0,lr/pg1,lr/pg2
1,3.7552,2.21759,5.41565,4.30586,2.35303,0.16121,0.03774,0.03733,0.01024,0.00286,0.11321,0.0017,0.0006,2.74012,6.00053,4.41778,3.06831,4e-05,4e-05,4e-05
2,5.64958,2.33848,5.68207,3.76559,2.35688,0.12899,0.03774,0.03257,0.01061,0.00381,0.15094,0.00237,0.00082,2.71529,5.89776,4.39949,3.0734,9.9505e-05,9.9505e-05,9.9505e-05
3,7.43517,1.91378,4.96018,3.71596,2.12145,0.07387,0.18213,0.06853,0.03115,0.03879,0.09434,0.02337,0.00705,1.34274,4.83549,11.7708,1.71057,0.000158416,0.000158416,0.000158416
4,10.6173,1.70737,3.94272,2.52683,1.88357,0.5,0.32075,0.37715,0.21985,0.11765,0.07547,0.02922,0.00759,1.46507,6.30814,24.1114,1.81935,0.000216733,0.000216733,0.000216733
5,12.6549,1.2537,3.34831,2.00513,1.47272,0.2139,0.71698,0.27963,0.13092,0.06756,0.30189,0.03226,0.00786,1.57286,10.5785,12.7068,1.95442,0.000274456,0.000274456,0.000274456
6,14.6332,1.07851,2.7265,1.79427,1.32094,0.26099,0.35849,0.1993,0.08016,0.06085,0.24528,0.02419,0.0047,1.99564,6.73286,4.09015,2.36575,0.000331585,0.000331585,0.000331585
7,16.5352,1.13299,3.04219,1.7974,1.41763,0.39616,0.56604,0.41112,0.1872,0.14443,0.24528,0.06042,0.00936,1.58317,10.5487,4.74116,2.18056,0.00038812,0.00038812,0.00038812
8,18.5229,1.31544,3.56061,1.70299,1.4891,0.35692,0.81132,0.46938,0.2274,0.06382,0.24528,0.02545,0.00371,1.4495,12.9412,4.30125,1.96199,0.000444061,0.000444061,0.000444061
9,20.5348,1.0036,2.64947,1.3933,1.25937,0.20218,0.20755,0.08872,0.04044,0.10867,0.11321,0.02806,0.00556,2.45659,8.243,4.83242,2.68992,0.000499408,0.000499408,0.000499408
10,22.6536,1.10493,2.87846,1.40264,1.35984,0.32833,0.16981,0.10521,0.04686,0.10889,0.0566,0.01048,0.00453,2.98276,11.2282,4.30485,3.11142,0.000554161,0.000554161,0.000554161
11,25.2743,1.15819,2.84515,1.34257,1.38837,0.08243,0.09434,0.02537,0.00948,0.03594,0.03774,0.0027,0.00041,3.12811,13.3888,4.94398,3.56044,0.00060832,0.00060832,0.00060832
12,27.3364,1.10735,2.72239,1.30314,1.29552,0.05884,0.07547,0.01205,0.00465,0.01484,0.01887,0.00152,0.00028,3.25003,18.8503,5.58452,3.77624,0.000661885,0.000661885,0.000661885
13,29.4226,1.09784,2.80708,1.23734,1.28666,0.17551,0.16981,0.1074,0.0253,0.12732,0.01887,0.00345,0.00037,3.38612,24.8151,3.89859,3.77855,0.000714856,0.000714856,0.000714856
14,31.4576,1.11586,2.8934,1.2889,1.29574,0.40355,0.29374,0.2499,0.11721,0.16508,0.09434,0.02529,0.00525,2.42606,20.2302,2.90286,3.1863,0.000767233,0.000767233,0.000767233
15,33.3715,1.03889,2.49699,1.17505,1.26311,0.40355,0.29374,0.2499,0.11721,0.16508,0.09434,0.02529,0.00525,2.42606,20.2302,2.90286,3.1863,0.000819016,0.000819016,0.000819016
16,35.3131,1.17637,2.96565,1.27962,1.37318,0.49625,0.35849,0.31225,0.13385,0.08926,0.07547,0.02054,0.01229,2.23773,20.8997,2.70492,2.76172,0.000870205,0.000870205,0.000870205
17,37.2969,1.16553,3.02489,1.26066,1.36177,0.39651,0.50943,0.44489,0.18587,0.38871,0.11321,0.08395,0.05128,2.31069,14.077,2.40292,2.87654,0.0009208,0.0009208,0.0009208
18,39.4166,1.21358,3.05954,1.25544,1.3985,0.39651,0.50943,0.44489,0.18587,0.38871,0.11321,0.08395,0.05128,2.31069,14.077,2.40292,2.87654,0.000970801,0.000970801,0.000970801
19,41.4104,1.19214,3.06074,1.16523,1.41408,0.6351,0.50943,0.54799,0.28187,0.3456,0.11321,0.10617,0.04918,1.70702,12.4483,2.30109,2.14211,0.00102021,0.00102021,0.00102021
20,43.3461,1.09913,2.90524,1.19749,1.3582,0.24647,0.09434,0.06244,0.03636,0.02603,0.03774,0.00377,0.00172,2.30044,7.57197,4.1749,2.6987,0.00106902,0.00106902,0.00106902
21,45.2071,1.0696,2.68164,1.16852,1.31458,0.24647,0.09434,0.06244,0.03636,0.02603,0.03774,0.00377,0.00172,2.30044,7.57197,4.1749,2.6987,0.00111724,0.00111724,0.00111724
22,47.4507,1.10898,2.9203,1.2842,1.39633,0.26007,0.20755,0.14904,0.07734,0.00886,0.03774,0.00091,0.00012,2.18608,9.36988,2.90714,2.58404,0.00116486,0.00116486,0.00116486
23,49.3642,1.05009,2.61924,1.11144,1.31396,0.26007,0.20755,0.14904,0.07734,0.00886,0.03774,0.00091,0.00012,2.18608,9.36988,2.90714,2.58404,0.0012119,0.0012119,0.0012119
24,51.3376,1.23463,2.89895,1.20217,1.40543,0.4021,0.58491,0.34954,0.14139,0.03195,0.07547,0.00809,0.00134,1.97831,12.937,3.30973,2.84829,0.00125833,0.00125833,0.00125833
25,53.1825,1.13297,2.6881,1.21917,1.33531,0.4021,0.58491,0.34954,0.14139,0.03195,0.07547,0.00809,0.00134,1.97831,12.937,3.30973,2.84829,0.00130418,0.00130418,0.00130418
26,55.2412,1.13974,2.92306,1.09897,1.29898,0.61516,0.79245,0.7197,0.38009,0.25718,0.19608,0.11588,0.0346,1.54676,9.82304,2.48466,2.2204,0.00134943,0.00134943,0.00134943
27,57.4586,1.1493,2.687,1.12579,1.31322,0.61516,0.79245,0.7197,0.38009,0.25718,0.19608,0.11588,0.0346,1.54676,9.82304,2.48466,2.2204,0.00139408,0.00139408,0.00139408
28,59.5398,1.07313,2.68397,1.07007,1.27152,0.49248,0.65913,0.59706,0.31467,0.26636,0.32075,0.22521,0.1028,1.62269,8.89367,3.84644,2.34669,0.00143814,0.00143814,0.00143814
29,61.5594,1.10782,2.77937,1.05829,1.31895,0.49248,0.65913,0.59706,0.31467,0.26636,0.32075,0.22521,0.1028,1.62269,8.89367,3.84644,2.34669,0.00148161,0.00148161,0.00148161
30,63.6721,1.24575,2.8193,1.1595,1.45346,0.49248,0.65913,0.59706,0.31467,0.26636,0.32075,0.22521,0.1028,1.62269,8.89367,3.84644,2.34669,0.00152448,0.00152448,0.00152448
31,66.0547,1.09414,2.56488,1.04745,1.30607,0.5515,0.66038,0.55989,0.29679,0.14733,0.16981,0.08709,0.02827,1.54159,10.5865,2.75338,2.21654,0.00156676,0.00156676,0.00156676
32,69.0283,1.26161,2.95073,1.2746,1.43722,0.5515,0.66038,0.55989,0.29679,0.14733,0.16981,0.08709,0.02827,1.54159,10.5865,2.75338,2.21654,0.00160845,0.00160845,0.00160845
33,70.9313,1.18608,2.88846,1.13468,1.36634,0.46057,0.4717,0.45857,0.25856,0.24567,0.24528,0.18254,0.04901,1.89637,9.82806,3.33567,2.4942,0.00164954,0.00164954,0.00164954
34,73.7685,1.14838,2.97922,1.12279,1.35072,0.46057,0.4717,0.45857,0.25856,0.24567,0.24528,0.18254,0.04901,1.89637,9.82806,3.33567,2.4942,0.0016733,0.0016733,0.0016733
35,76.1943,1.09567,2.75791,1.10359,1.30489,0.46057,0.4717,0.45857,0.25856,0.24567,0.24528,0.18254,0.04901,1.89637,9.82806,3.33567,2.4942,0.0016634,0.0016634,0.0016634
36,78.1915,1.27085,3.08555,1.23582,1.49287,0.45077,0.69811,0.44166,0.23741,0.093,0.13208,0.02793,0.00426,1.67511,12.0368,3.60653,2.20095,0.0016535,0.0016535,0.0016535
37,80.2273,1.32654,3.14646,1.22022,1.50589,0.45077,0.69811,0.44166,0.23741,0.093,0.13208,0.02793,0.00426,1.67511,12.0368,3.60653,2.20095,0.0016436,0.0016436,0.0016436
38,83.5537,1.27039,3.23148,1.16516,1.45042,0.45077,0.69811,0.44166,0.23741,0.093,0.13208,0.02793,0.00426,1.67511,12.0368,3.60653,2.20095,0.0016337,0.0016337,0.0016337
39,85.7076,1.04469,2.43124,1.1113,1.2861,0.38179,0.69811,0.50254,0.27563,0.16877,0.35849,0.11717,0.03149,1.54223,7.17645,3.29081,2.03391,0.0016238,0.0016238,0.0016238
40,88.676,1.14928,2.43665,1.08051,1.37556,0.38179,0.69811,0.50254,0.27563,0.16877,0.35849,0.11717,0.03149,1.54223,7.17645,3.29081,2.03391,0.0016139,0.0016139,0.0016139
41,92.0981,1.22423,2.7255,1.16555,1.42638,0.62059,0.79245,0.71306,0.43264,0.26597,0.33962,0.17285,0.05922,1.34631,6.85302,1.4532,1.83904,0.001604,0.001604,0.001604
42,95.019,1.19759,3.10192,1.21678,1.43095,0.62059,0.79245,0.71306,0.43264,0.26597,0.33962,0.17285,0.05922,1.34631,6.85302,1.4532,1.83904,0.0015941,0.0015941,0.0015941
43,96.9822,1.06071,2.62753,1.08292,1.31913,0.62059,0.79245,0.71306,0.43264,0.26597,0.33962,0.17285,0.05922,1.34631,6.85302,1.4532,1.83904,0.0015842,0.0015842,0.0015842
44,99.0764,1.15172,3.00918,1.13816,1.36801,0.71968,0.73585,0.77451,0.47117,0.33038,0.33962,0.18997,0.04065,1.33241,9.92836,1.64966,1.89054,0.0015743,0.0015743,0.0015743
45,101.926,1.13661,2.77466,1.06559,1.31694,0.71968,0.73585,0.77451,0.47117,0.33038,0.33962,0.18997,0.04065,1.33241,9.92836,1.64966,1.89054,0.0015644,0.0015644,0.0015644
46,104.046,1.08555,2.45901,0.98555,1.2733,0.71968,0.73585,0.77451,0.47117,0.33038,0.33962,0.18997,0.04065,1.33241,9.92836,1.64966,1.89054,0.0015545,0.0015545,0.0015545
47,106.049,1.2206,2.71283,1.1995,1.41181,0.7203,0.68026,0.74617,0.43392,0.47592,0.41509,0.40756,0.11673,1.49628,6.22427,2.19666,1.91326,0.0015446,0.0015446,0.0015446
48,108.036,0.96208,2.31947,0.99859,1.24957,0.7203,0.68026,0.74617,0.43392,0.47592,0.41509,0.40756,0.11673,1.49628,6.22427,2.19666,1.91326,0.0015347,0.0015347,0.0015347
49,110.086,1.0954,2.36218,1.02862,1.32142,0.66623,0.64151,0.63618,0.36627,0.51788,0.39623,0.33175,0.11057,1.32303,5.41652,1.47327,1.77122,0.0015248,0.0015248,0.0015248
50,112.551,1.13119,2.62667,1.07786,1.31971,0.66623,0.64151,0.63618,0.36627,0.51788,0.39623,0.33175,0.11057,1.32303,5.41652,1.47327,1.77122,0.0015149,0.0015149,0.0015149
51,117.184,1.09092,2.76285,1.0426,1.30365,0.66623,0.64151,0.63618,0.36627,0.51788,0.39623,0.33175,0.11057,1.32303,5.41652,1.47327,1.77122,0.001505,0.001505,0.001505
52,119.118,0.99074,2.21406,0.97161,1.2115,0.59843,0.56604,0.55274,0.36552,0.23191,0.13208,0.05672,0.02871,1.36898,5.58453,1.58124,1.69649,0.0014951,0.0014951,0.0014951
53,120.964,1.07353,2.48634,1.03315,1.28785,0.59843,0.56604,0.55274,0.36552,0.23191,0.13208,0.05672,0.02871,1.36898,5.58453,1.58124,1.69649,0.0014852,0.0014852,0.0014852
54,123.412,1.0294,2.52372,1.00625,1.27886,0.59843,0.56604,0.55274,0.36552,0.23191,0.13208,0.05672,0.02871,1.36898,5.58453,1.58124,1.69649,0.0014753,0.0014753,0.0014753
55,125.388,0.98812,2.24007,0.90592,1.21413,0.6887,0.60377,0.60797,0.38595,0.44834,0.28302,0.19518,0.05984,1.30962,5.23449,1.35395,1.65675,0.0014654,0.0014654,0.0014654
56,129.369,1.12832,2.61504,1.02211,1.36473,0.6887,0.60377,0.60797,0.38595,0.44834,0.28302,0.19518,0.05984,1.30962,5.23449,1.35395,1.65675,0.0014555,0.0014555,0.0014555
57,132.347,1.0433,2.41684,0.9818,1.27937,0.69172,0.79245,0.81281,0.51566,0.44484,0.50943,0.39769,0.15349,1.15229,4.83076,1.4933,1.54079,0.0014456,0.0014456,0.0014456
58,134.81,0.96172,2.29825,0.94033,1.22668,0.69172,0.79245,0.81281,0.51566,0.44484,0.50943,0.39769,0.15349,1.15229,4.83076,1.4933,1.54079,0.0014357,0.0014357,0.0014357
59,137.334,1.08945,2.43273,0.97605,1.31923,0.69172,0.79245,0.81281,0.51566,0.44484,0.50943,0.39769,0.15349,1.15229,4.83076,1.4933,1.54079,0.0014258,0.0014258,0.0014258
60,139.42,0.84277,2.17188,0.79833,1.15688,0.73922,0.74884,0.80322,0.47973,0.47501,0.45283,0.31053,0.10002,1.14001,4.93986,2.54293,1.55887,0.0014159,0.0014159,0.0014159
61,141.522,0.85414,2.06781,0.81866,1.1425,0.73922,0.74884,0.80322,0.47973,0.47501,0.45283,0.31053,0.10002,1.14001,4.93986,2.54293,1.55887,0.001406,0.001406,0.001406
62,143.462,1.11795,2.57053,1.16144,1.44205,0.73922,0.74884,0.80322,0.47973,0.47501,0.45283,0.31053,0.10002,1.14001,4.93986,2.54293,1.55887,0.0013961,0.0013961,0.0013961
63,145.426,0.88859,2.11643,0.87623,1.20752,0.57837,0.71698,0.63771,0.40429,0.40616,0.45283,0.25271,0.06381,1.17931,4.21934,2.2915,1.58127,0.0013862,0.0013862,0.0013862
64,147.93,0.93974,2.5163,0.91694,1.25377,0.57837,0.71698,0.63771,0.40429,0.40616,0.45283,0.25271,0.06381,1.17931,4.21934,2.2915,1.58127,0.0013763,0.0013763,0.0013763
65,149.833,1.0975,2.14928,0.98497,1.27653,0.77682,0.73585,0.79471,0.52796,0.35315,0.37736,0.22027,0.07491,1.08671,4.5893,1.23833,1.48222,0.0013664,0.0013664,0.0013664
66,151.704,1.00212,2.50326,0.91886,1.2511,0.77682,0.73585,0.79471,0.52796,0.35315,0.37736,0.22027,0.07491,1.08671,4.5893,1.23833,1.48222,0.0013565,0.0013565,0.0013565
67,153.594,0.92955,2.15146,0.85545,1.18478,0.77682,0.73585,0.79471,0.52796,0.35315,0.37736,0.22027,0.07491,1.08671,4.5893,1.23833,1.48222,0.0013466,0.0013466,0.0013466
68,155.486,0.93993,2.10393,0.85982,1.19962,0.75196,0.84906,0.85081,0.60442,0.31154,0.41509,0.22609,0.05492,1.0211,5.23487,0.98826,1.43112,0.0013367,0.0013367,0.0013367
69,157.358,0.92623,2.20872,0.88769,1.22057,0.75196,0.84906,0.85081,0.60442,0.31154,0.41509,0.22609,0.05492,1.0211,5.23487,0.98826,1.43112,0.0013268,0.0013268,0.0013268
70,159.299,1.16009,2.73364,1.12595,1.40011,0.75196,0.84906,0.85081,0.60442,0.31154,0.41509,0.22609,0.05492,1.0211,5.23487,0.98826,1.43112,0.0013169,0.0013169,0.0013169
71,161.163,0.89736,2.22697,0.84798,1.2037,0.78585,0.83085,0.86271,0.60952,0.55687,0.58491,0.49409,0.14774,1.00258,3.73708,0.98583,1.46695,0.001307,0.001307,0.001307
72,163.128,1.02527,2.30322,0.96772,1.27141,0.78585,0.83085,0.86271,0.60952,0.55687,0.58491,0.49409,0.14774,1.00258,3.73708,0.98583,1.46695,0.0012971,0.0012971,0.0012971
73,165.061,0.78436,1.94395,0.7556,1.07456,0.75408,0.84906,0.86688,0.59591,0.69867,0.56604,0.59073,0.22508,1.14468,4.31713,1.11217,1.51651,0.0012872,0.0012872,0.0012872
74,166.962,0.95451,2.20666,0.89525,1.29444,0.75408,0.84906,0.86688,0.59591,0.69867,0.56604,0.59073,0.22508,1.14468,4.31713,1.11217,1.51651,0.0012773,0.0012773,0.0012773
75,169.09,0.94871,2.07907,0.81654,1.16742,0.75408,0.84906,0.86688,0.59591,0.69867,0.56604,0.59073,0.22508,1.14468,4.31713,1.11217,1.51651,0.0012674,0.0012674,0.0012674
76,171.08,0.87066,2.15513,0.81402,1.1699,0.78336,0.81132,0.85158,0.53834,0.75511,0.67925,0.59606,0.205,1.2491,4.44274,1.2845,1.56694,0.0012575,0.0012575,0.0012575
77,172.951,0.7667,1.83962,0.73527,1.10238,0.78336,0.81132,0.85158,0.53834,0.75511,0.67925,0.59606,0.205,1.2491,4.44274,1.2845,1.56694,0.0012476,0.0012476,0.0012476
78,174.797,0.79942,1.66849,0.76487,1.11042,0.78336,0.81132,0.85158,0.53834,0.75511,0.67925,0.59606,0.205,1.2491,4.44274,1.2845,1.56694,0.0012377,0.0012377,0.0012377
79,176.705,0.80215,1.8755,0.7861,1.13423,0.807,0.789,0.83171,0.58167,0.50298,0.49057,0.30468,0.08237,0.97818,4.59286,1.11167,1.40514,0.0012278,0.0012278,0.0012278
80,178.536,0.87985,1.88065,0.87072,1.21162,0.807,0.789,0.83171,0.58167,0.50298,0.49057,0.30468,0.08237,0.97818,4.59286,1.11167,1.40514,0.0012179,0.0012179,0.0012179
81,180.463,0.92589,1.9822,0.89615,1.18638,0.69109,0.77358,0.79965,0.58644,0.37936,0.20755,0.21538,0.0794,1.05522,4.59995,1.11032,1.51428,0.001208,0.001208,0.001208
82,182.331,0.8109,1.82468,0.74602,1.11185,0.69109,0.77358,0.79965,0.58644,0.37936,0.20755,0.21538,0.0794,1.05522,4.59995,1.11032,1.51428,0.0011981,0.0011981,0.0011981
83,184.212,0.8565,1.7718,0.78378,1.1363,0.69109,0.77358,0.79965,0.58644,0.37936,0.20755,0.21538,0.0794,1.05522,4.59995,1.11032,1.51428,0.0011882,0.0011882,0.0011882
84,186.085,0.94061,2.25881,0.95349,1.27866,0.76859,0.87743,0.8509,0.61,0.50673,0.39623,0.37046,0.17537,1.01076,4.4964,1.05897,1.43965,0.0011783,0.0011783,0.0011783
85,187.961,1.00174,2.68894,0.95895,1.30103,0.76859,0.87743,0.8509,0.61,0.50673,0.39623,0.37046,0.17537,1.01076,4.4964,1.05897,1.43965,0.0011684,0.0011684,0.0011684
86,189.801,0.7243,1.50764,0.75636,1.07825,0.76859,0.87743,0.8509,0.61,0.50673,0.39623,0.37046,0.17537,1.01076,4.4964,1.05897,1.43965,0.0011585,0.0011585,0.0011585
87,192.337,0.95008,2.03278,0.86137,1.21075,0.79472,0.86792,0.85904,0.5897,0.52211,0.57727,0.46918,0.21028,1.0142,4.38453,0.98107,1.4002,0.0011486,0.0011486,0.0011486
88,194.225,0.81978,1.63419,0.74375,1.17617,0.79472,0.86792,0.85904,0.5897,0.52211,0.57727,0.46918,0.21028,1.0142,4.38453,0.98107,1.4002,0.0011387,0.0011387,0.0011387
89,196.456,0.97914,2.20722,0.87148,1.27005,0.70236,0.90566,0.83899,0.58782,0.49814,0.64151,0.46946,0.23819,1.06796,4.05091,0.92223,1.42686,0.0011288,0.0011288,0.0011288
90,198.309,0.81588,1.6796,0.77165,1.13556,0.70236,0.90566,0.83899,0.58782,0.49814,0.64151,0.46946,0.23819,1.06796,4.05091,0.92223,1.42686,0.0011189,0.0011189,0.0011189
91,200.159,0.74158,1.70115,0.69945,1.09045,0.70236,0.90566,0.83899,0.58782,0.49814,0.64151,0.46946,0.23819,1.06796,4.05091,0.92223,1.42686,0.001109,0.001109,0.001109
92,202.03,0.87175,1.9322,0.79841,1.16589,0.73337,0.73585,0.78788,0.57975,0.41133,0.49057,0.29821,0.13964,1.01571,4.42073,1.02262,1.37816,0.0010991,0.0010991,0.0010991
93,203.908,0.78216,1.95754,0.7403,1.09811,0.73337,0.73585,0.78788,0.57975,0.41133,0.49057,0.29821,0.13964,1.01571,4.42073,1.02262,1.37816,0.0010892,0.0010892,0.0010892
94,205.722,0.8286,2.02496,0.7798,1.17951,0.73337,0.73585,0.78788,0.57975,0.41133,0.49057,0.29821,0.13964,1.01571,4.42073,1.02262,1.37816,0.0010793,0.0010793,0.0010793
95,207.566,0.736,1.91298,0.72359,1.11941,0.79928,0.77358,0.79921,0.56095,0.6201,0.60377,0.53653,0.26667,1.03777,3.32054,1.09306,1.42043,0.0010694,0.0010694,0.0010694
96,209.395,0.84475,1.85108,0.78493,1.16365,0.79928,0.77358,0.79921,0.56095,0.6201,0.60377,0.53653,0.26667,1.03777,3.32054,1.09306,1.42043,0.0010595,0.0010595,0.0010595
97,211.244,0.89043,2.11686,0.8325,1.22727,0.73585,0.84103,0.83841,0.56924,0.54435,0.60866,0.50712,0.20958,1.00397,3.29513,0.99893,1.40734,0.0010496,0.0010496,0.0010496
98,213.11,0.7877,2.06985,0.78007,1.16437,0.73585,0.84103,0.83841,0.56924,0.54435,0.60866,0.50712,0.20958,1.00397,3.29513,0.99893,1.40734,0.0010397,0.0010397,0.0010397
99,214.897,0.84309,1.83118,0.80443,1.19722,0.73585,0.84103,0.83841,0.56924,0.54435,0.60866,0.50712,0.20958,1.00397,3.29513,0.99893,1.40734,0.0010298,0.0010298,0.0010298
100,216.792,0.87874,1.95123,0.79476,1.18349,0.79532,0.73317,0.85585,0.56085,0.44332,0.5283,0.40744,0.15776,1.06438,4.21354,0.97021,1.41181,0.0010199,0.0010199,0.0010199
101,219.794,0.76219,1.54851,0.69575,1.101,0.79532,0.73317,0.85585,0.56085,0.44332,0.5283,0.40744,0.15776,1.06438,4.21354,0.97021,1.41181,0.00101,0.00101,0.00101
102,221.691,0.73939,1.97819,0.672,1.10418,0.79532,0.73317,0.85585,0.56085,0.44332,0.5283,0.40744,0.15776,1.06438,4.21354,0.97021,1.41181,0.0010001,0.0010001,0.0010001
103,223.673,0.78348,1.68798,0.71013,1.15788,0.67492,0.88679,0.8486,0.57587,0.52231,0.54717,0.46595,0.1838,1.01124,3.91862,0.90479,1.39395,0.0009902,0.0009902,0.0009902
104,225.548,0.78313,1.75409,0.75894,1.14321,0.67492,0.88679,0.8486,0.57587,0.52231,0.54717,0.46595,0.1838,1.01124,3.91862,0.90479,1.39395,0.0009803,0.0009803,0.0009803
105,227.379,0.82215,1.97962,0.80653,1.17792,0.69206,0.84906,0.84673,0.60101,0.7183,0.54717,0.6176,0.267,0.93835,3.08428,0.84115,1.36048,0.0009704,0.0009704,0.0009704
106,229.725,0.9,1.9609,0.86914,1.23751,0.69206,0.84906,0.84673,0.60101,0.7183,0.54717,0.6176,0.267,0.93835,3.08428,0.84115,1.36048,0.0009605,0.0009605,0.0009605
107,231.657,0.80969,1.71244,0.79648,1.13951,0.69206,0.84906,0.84673,0.60101,0.7183,0.54717,0.6176,0.267,0.93835,3.08428,0.84115,1.36048,0.0009506,0.0009506,0.0009506
108,233.66,0.81238,1.91863,0.75259,1.18388,0.82751,0.81473,0.89236,0.65493,0.78708,0.75472,0.79622,0.31206,0.84105,2.78501,0.79845,1.31117,0.0009407,0.0009407,0.0009407
109,235.547,0.78409,1.54684,0.7345,1.15132,0.82751,0.81473,0.89236,0.65493,0.78708,0.75472,0.79622,0.31206,0.84105,2.78501,0.79845,1.31117,0.0009308,0.0009308,0.0009308
110,237.564,0.74307,1.83545,0.71734,1.13245,0.82751,0.81473,0.89236,0.65493,0.78708,0.75472,0.79622,0.31206,0.84105,2.78501,0.79845,1.31117,0.0009209,0.0009209,0.0009209
111,241.087,0.79834,1.69915,0.78029,1.12044,0.79852,0.89742,0.89174,0.69875,0.75416,0.73585,0.71132,0.34489,0.78043,2.54571,0.74397,1.2513,0.000911,0.000911,0.000911
112,243.117,0.64017,1.23762,0.59557,0.9981,0.79852,0.89742,0.89174,0.69875,0.75416,0.73585,0.71132,0.34489,0.78043,2.54571,0.74397,1.2513,0.0009011,0.0009011,0.0009011
113,246.094,0.8424,1.92727,0.80319,1.17466,0.81086,0.88679,0.87569,0.69193,0.7076,0.77624,0.71934,0.34829,0.73183,2.59069,0.76575,1.18381,0.0008912,0.0008912,0.0008912
114,248.036,0.74263,1.77693,0.72463,1.15104,0.81086,0.88679,0.87569,0.69193,0.7076,0.77624,0.71934,0.34829,0.73183,2.59069,0.76575,1.18381,0.0008813,0.0008813,0.0008813
115,251.262,0.82194,1.8941,0.78077,1.16742,0.81086,0.88679,0.87569,0.69193,0.7076,0.77624,0.71934,0.34829,0.73183,2.59069,0.76575,1.18381,0.0008714,0.0008714,0.0008714
116,253.791,0.6667,1.46973,0.6527,1.06166,0.82421,0.86792,0.87985,0.68963,0.66136,0.69811,0.63758,0.28257,0.75946,2.75948,0.91818,1.18374,0.0008615,0.0008615,0.0008615
117,255.851,0.70996,1.56294,0.652,1.07234,0.82421,0.86792,0.87985,0.68963,0.66136,0.69811,0.63758,0.28257,0.75946,2.75948,0.91818,1.18374,0.0008516,0.0008516,0.0008516
118,258.306,0.63708,1.40381,0.59217,1.02741,0.82421,0.86792,0.87985,0.68963,0.66136,0.69811,0.63758,0.28257,0.75946,2.75948,0.91818,1.18374,0.0008417,0.0008417,0.0008417
119,260.526,0.79132,1.65487,0.7379,1.16255,0.72454,0.89335,0.85902,0.68169,0.62385,0.68852,0.64427,0.27663,0.81741,2.90455,1.30059,1.19833,0.0008318,0.0008318,0.0008318
120,262.739,0.74469,1.48036,0.67718,1.09832,0.72454,0.89335,0.85902,0.68169,0.62385,0.68852,0.64427,0.27663,0.81741,2.90455,1.30059,1.19833,0.0008219,0.0008219,0.0008219
121,264.719,0.71274,1.62404,0.63857,1.08319,0.78095,0.9434,0.88951,0.7173,0.65432,0.78577,0.69427,0.35212,0.80207,2.66448,1.11184,1.19704,0.000812,0.000812,0.000812
122,266.642,0.66508,1.429,0.62729,1.04343,0.78095,0.9434,0.88951,0.7173,0.65432,0.78577,0.69427,0.35212,0.80207,2.66448,1.11184,1.19704,0.0008021,0.0008021,0.0008021
123,269.553,0.6799,1.33609,0.62855,1.03681,0.78095,0.9434,0.88951,0.7173,0.65432,0.78577,0.69427,0.35212,0.80207,2.66448,1.11184,1.19704,0.0007922,0.0007922,0.0007922
124,271.894,0.70367,1.46524,0.6262,1.04046,0.82268,0.9434,0.92639,0.75603,0.70405,0.81132,0.74424,0.39176,0.76625,2.41293,0.86499,1.1894,0.0007823,0.0007823,0.0007823
125,273.99,0.70788,1.58801,0.60105,1.04575,0.82268,0.9434,0.92639,0.75603,0.70405,0.81132,0.74424,0.39176,0.76625,2.41293,0.86499,1.1894,0.0007724,0.0007724,0.0007724
126,275.995,0.69618,1.22599,0.63811,1.02068,0.82268,0.9434,0.92639,0.75603,0.70405,0.81132,0.74424,0.39176,0.76625,2.41293,0.86499,1.1894,0.0007625,0.0007625,0.0007625
127,278.008,0.77987,2.11182,0.77474,1.16465,0.83922,0.88637,0.91966,0.74274,0.73048,0.67925,0.68488,0.41965,0.764,2.53149,0.78641,1.1932,0.0007526,0.0007526,0.0007526
128,280.057,0.73912,1.62168,0.69343,1.10749,0.83922,0.88637,0.91966,0.74274,0.73048,0.67925,0.68488,0.41965,0.764,2.53149,0.78641,1.1932,0.0007427,0.0007427,0.0007427
129,282.028,0.67909,1.37439,0.59772,1.02677,0.87104,0.89217,0.9409,0.72875,0.79172,0.71724,0.73021,0.45885,0.74393,2.33724,0.73092,1.18767,0.0007328,0.0007328,0.0007328
130,284.007,0.65809,1.24738,0.59712,1.04942,0.87104,0.89217,0.9409,0.72875,0.79172,0.71724,0.73021,0.45885,0.74393,2.33724,0.73092,1.18767,0.0007229,0.0007229,0.0007229
131,285.984,0.79593,1.79935,0.75406,1.14482,0.87104,0.89217,0.9409,0.72875,0.79172,0.71724,0.73021,0.45885,0.74393,2.33724,0.73092,1.18767,0.000713,0.000713,0.000713
132,287.99,0.68572,1.21099,0.62881,1.07392,0.94065,0.88679,0.94761,0.71972,0.80336,0.73585,0.71812,0.45672,0.76837,2.40938,0.67902,1.20553,0.0007031,0.0007031,0.0007031
133,291.344,0.75955,1.75262,0.72893,1.1006,0.94065,0.88679,0.94761,0.71972,0.80336,0.73585,0.71812,0.45672,0.76837,2.40938,0.67902,1.20553,0.0006932,0.0006932,0.0006932
134,293.354,1.04216,2.32866,0.90866,1.4019,0.94065,0.88679,0.94761,0.71972,0.80336,0.73585,0.71812,0.45672,0.76837,2.40938,0.67902,1.20553,0.0006833,0.0006833,0.0006833
135,295.276,0.66773,1.39984,0.64679,1.03586,0.9498,0.92453,0.94955,0.71887,0.82252,0.81132,0.77148,0.51585,0.81846,2.31981,0.67282,1.24256,0.0006734,0.0006734,0.0006734
136,297.242,0.74209,1.50162,0.71036,1.11327,0.9498,0.92453,0.94955,0.71887,0.82252,0.81132,0.77148,0.51585,0.81846,2.31981,0.67282,1.24256,0.0006635,0.0006635,0.0006635
137,299.124,0.62211,1.21824,0.62665,1.02213,0.88783,0.9434,0.94006,0.74493,0.80315,0.77358,0.76012,0.52231,0.73358,2.0274,0.67445,1.16074,0.0006536,0.0006536,0.0006536
138,302.207,0.7945,1.85647,0.77384,1.19549,0.88783,0.9434,0.94006,0.74493,0.80315,0.77358,0.76012,0.52231,0.73358,2.0274,0.67445,1.16074,0.0006437,0.0006437,0.0006437
139,304.132,0.67927,1.40182,0.69576,1.05588,0.88783,0.9434,0.94006,0.74493,0.80315,0.77358,0.76012,0.52231,0.73358,2.0274,0.67445,1.16074,0.0006338,0.0006338,0.0006338
140,306.061,0.75887,1.78363,0.72881,1.17415,0.92108,0.84906,0.93534,0.77983,0.82543,0.77358,0.78631,0.53821,0.67027,2.00499,0.61991,1.1196,0.0006239,0.0006239,0.0006239
141,307.981,0.74371,1.52258,0.69745,1.11709,0.92108,0.84906,0.93534,0.77983,0.82543,0.77358,0.78631,0.53821,0.67027,2.00499,0.61991,1.1196,0.000614,0.000614,0.000614
142,309.972,0.66464,1.39796,0.60818,1.04434,0.92108,0.84906,0.93534,0.77983,0.82543,0.77358,0.78631,0.53821,0.67027,2.00499,0.61991,1.1196,0.0006041,0.0006041,0.0006041
143,312.033,0.64759,1.39051,0.6224,1.06173,0.81787,0.93209,0.92687,0.77545,0.77714,0.78959,0.78329,0.54545,0.67216,2.01808,0.61679,1.12227,0.0005942,0.0005942,0.0005942
144,313.935,0.71006,1.22673,0.64866,1.10191,0.81787,0.93209,0.92687,0.77545,0.77714,0.78959,0.78329,0.54545,0.67216,2.01808,0.61679,1.12227,0.0005843,0.0005843,0.0005843
145,315.867,0.78322,1.58073,0.75125,1.15066,0.85636,0.89995,0.90805,0.75971,0.73601,0.79245,0.72947,0.47124,0.67156,2.34654,0.62137,1.11232,0.0005744,0.0005744,0.0005744
146,317.74,0.77165,1.44368,0.67178,1.10223,0.85636,0.89995,0.90805,0.75971,0.73601,0.79245,0.72947,0.47124,0.67156,2.34654,0.62137,1.11232,0.0005645,0.0005645,0.0005645
147,319.687,0.62295,1.22331,0.58804,1.03324,0.85636,0.89995,0.90805,0.75971,0.73601,0.79245,0.72947,0.47124,0.67156,2.34654,0.62137,1.11232,0.0005546,0.0005546,0.0005546
148,321.553,0.81417,1.97911,0.76593,1.19572,0.83078,0.86792,0.88727,0.73312,0.73552,0.77358,0.74412,0.44517,0.67134,2.45053,0.65704,1.13098,0.0005447,0.0005447,0.0005447
149,323.754,0.72856,1.48194,0.64853,1.11599,0.83078,0.86792,0.88727,0.73312,0.73552,0.77358,0.74412,0.44517,0.67134,2.45053,0.65704,1.13098,0.0005348,0.0005348,0.0005348
150,325.819,0.68126,1.47814,0.67337,1.05506,0.83078,0.86792,0.88727,0.73312,0.73552,0.77358,0.74412,0.44517,0.67134,2.45053,0.65704,1.13098,0.0005249,0.0005249,0.0005249
151,329.731,0.68151,1.34962,0.64191,1.05948,0.80077,0.77358,0.81254,0.6652,0.72639,0.64151,0.63302,0.34337,0.80812,3.18734,0.77902,1.27692,0.000515,0.000515,0.000515
152,332.19,0.66716,1.55717,0.67219,1.06235,0.80077,0.77358,0.81254,0.6652,0.72639,0.64151,0.63302,0.34337,0.80812,3.18734,0.77902,1.27692,0.0005051,0.0005051,0.0005051
153,335.225,0.68993,1.40578,0.63747,1.07879,0.75509,0.75628,0.78782,0.61595,0.75175,0.54717,0.55504,0.31858,0.93652,3.38006,0.87108,1.3789,0.0004952,0.0004952,0.0004952
154,338.233,0.75132,1.60849,0.73938,1.11172,0.75509,0.75628,0.78782,0.61595,0.75175,0.54717,0.55504,0.31858,0.93652,3.38006,0.87108,1.3789,0.0004853,0.0004853,0.0004853
155,340.118,0.62294,1.21582,0.57897,1.03328,0.75509,0.75628,0.78782,0.61595,0.75175,0.54717,0.55504,0.31858,0.93652,3.38006,0.87108,1.3789,0.0004754,0.0004754,0.0004754
156,343.113,0.61898,1.44065,0.62527,1.05425,0.81065,0.80782,0.85858,0.66675,0.70414,0.67367,0.67538,0.34661,0.8386,3.13088,0.77987,1.26833,0.0004655,0.0004655,0.0004655
157,346.229,0.69258,1.53366,0.65635,1.11236,0.81065,0.80782,0.85858,0.66675,0.70414,0.67367,0.67538,0.34661,0.8386,3.13088,0.77987,1.26833,0.0004556,0.0004556,0.0004556
158,349.746,0.71454,1.53876,0.6673,1.14656,0.81065,0.80782,0.85858,0.66675,0.70414,0.67367,0.67538,0.34661,0.8386,3.13088,0.77987,1.26833,0.0004457,0.0004457,0.0004457
159,351.577,0.63127,1.15017,0.59876,1.05443,0.75252,0.83019,0.86867,0.67135,0.73813,0.60377,0.66877,0.35979,0.8436,2.93473,0.8149,1.25112,0.0004358,0.0004358,0.0004358
160,353.423,0.52216,1.04946,0.48325,0.98123,0.75252,0.83019,0.86867,0.67135,0.73813,0.60377,0.66877,0.35979,0.8436,2.93473,0.8149,1.25112,0.0004259,0.0004259,0.0004259
161,355.328,0.62365,1.3803,0.57386,1.0456,0.79578,0.84906,0.89861,0.69265,0.80111,0.60807,0.70987,0.37532,0.78851,2.73121,0.79064,1.20149,0.000416,0.000416,0.000416
162,357.159,0.58657,1.06672,0.52332,1.00941,0.79578,0.84906,0.89861,0.69265,0.80111,0.60807,0.70987,0.37532,0.78851,2.73121,0.79064,1.20149,0.0004061,0.0004061,0.0004061
163,359.494,0.56013,1.08303,0.51846,1.00972,0.79578,0.84906,0.89861,0.69265,0.80111,0.60807,0.70987,0.37532,0.78851,2.73121,0.79064,1.20149,0.0003962,0.0003962,0.0003962
164,362.633,0.63992,1.50224,0.58491,1.05983,0.82738,0.81396,0.90447,0.72387,0.70551,0.67925,0.68315,0.38,0.71885,2.64277,0.72021,1.14026,0.0003863,0.0003863,0.0003863
165,365.29,0.67793,1.46613,0.60358,1.07206,0.82738,0.81396,0.90447,0.72387,0.70551,0.67925,0.68315,0.38,0.71885,2.64277,0.72021,1.14026,0.0003764,0.0003764,0.0003764
166,367.166,0.6554,1.36252,0.5943,1.0696,0.82738,0.81396,0.90447,0.72387,0.70551,0.67925,0.68315,0.38,0.71885,2.64277,0.72021,1.14026,0.0003665,0.0003665,0.0003665
167,369.014,0.58468,0.97785,0.54046,0.99473,0.87798,0.81459,0.92648,0.74883,0.79133,0.71556,0.73204,0.38222,0.7033,2.60245,0.67502,1.11687,0.0003566,0.0003566,0.0003566
168,371.631,0.55408,0.91623,0.47452,0.95654,0.87798,0.81459,0.92648,0.74883,0.79133,0.71556,0.73204,0.38222,0.7033,2.60245,0.67502,1.11687,0.0003467,0.0003467,0.0003467
169,373.628,0.68068,1.37941,0.64638,1.10052,0.78564,0.92453,0.93545,0.77545,0.74368,0.77358,0.75569,0.41158,0.66209,2.47203,0.65904,1.09882,0.0003368,0.0003368,0.0003368
170,375.451,0.60271,1.24386,0.54568,1.05164,0.78564,0.92453,0.93545,0.77545,0.74368,0.77358,0.75569,0.41158,0.66209,2.47203,0.65904,1.09882,0.0003269,0.0003269,0.0003269
171,377.334,0.79785,1.82965,0.73441,1.18331,0.78564,0.92453,0.93545,0.77545,0.74368,0.77358,0.75569,0.41158,0.66209,2.47203,0.65904,1.09882,0.000317,0.000317,0.000317
172,379.226,0.58723,1.25753,0.57248,1.00172,0.84012,0.84906,0.92781,0.78963,0.75092,0.75472,0.72309,0.44363,0.645,2.40971,0.65325,1.09397,0.0003071,0.0003071,0.0003071
173,382.703,0.64671,1.30129,0.6297,1.03443,0.84012,0.84906,0.92781,0.78963,0.75092,0.75472,0.72309,0.44363,0.645,2.40971,0.65325,1.09397,0.0002972,0.0002972,0.0002972
174,385.32,0.65569,1.29741,0.56101,1.03459,0.84012,0.84906,0.92781,0.78963,0.75092,0.75472,0.72309,0.44363,0.645,2.40971,0.65325,1.09397,0.0002873,0.0002873,0.0002873
175,387.912,0.66008,1.22652,0.58116,1.05859,0.83835,0.88074,0.92531,0.78871,0.78456,0.82458,0.78881,0.47121,0.6365,2.36241,0.64792,1.08683,0.0002774,0.0002774,0.0002774
176,389.826,0.57201,1.03911,0.52831,0.99126,0.83835,0.88074,0.92531,0.78871,0.78456,0.82458,0.78881,0.47121,0.6365,2.36241,0.64792,1.08683,0.0002675,0.0002675,0.0002675
177,391.769,0.64851,1.32915,0.58894,1.05591,0.82336,0.87956,0.92203,0.78659,0.75287,0.8048,0.77861,0.46003,0.62048,2.29982,0.6476,1.07285,0.0002576,0.0002576,0.0002576
178,394.68,0.58162,1.27867,0.52467,0.99995,0.82336,0.87956,0.92203,0.78659,0.75287,0.8048,0.77861,0.46003,0.62048,2.29982,0.6476,1.07285,0.0002477,0.0002477,0.0002477
179,396.803,0.69106,1.47474,0.64119,1.0956,0.82336,0.87956,0.92203,0.78659,0.75287,0.8048,0.77861,0.46003,0.62048,2.29982,0.6476,1.07285,0.0002378,0.0002378,0.0002378
180,398.623,0.65559,1.3202,0.59563,1.05753,0.82153,0.88679,0.92691,0.78841,0.82566,0.71698,0.78451,0.49172,0.61557,2.24173,0.63551,1.06582,0.0002279,0.0002279,0.0002279
181,400.455,0.52416,0.87469,0.49319,0.98903,0.82153,0.88679,0.92691,0.78841,0.82566,0.71698,0.78451,0.49172,0.61557,2.24173,0.63551,1.06582,0.000218,0.000218,0.000218
182,402.309,0.68657,1.54447,0.65016,1.10642,0.82153,0.88679,0.92691,0.78841,0.82566,0.71698,0.78451,0.49172,0.61557,2.24173,0.63551,1.06582,0.0002081,0.0002081,0.0002081
183,404.206,0.56622,0.95005,0.5211,0.98878,0.85072,0.8603,0.9312,0.79124,0.86247,0.75472,0.83706,0.50955,0.61642,2.14022,0.60739,1.06756,0.0001982,0.0001982,0.0001982
184,406.054,0.5917,1.22217,0.55508,1.03193,0.85072,0.8603,0.9312,0.79124,0.86247,0.75472,0.83706,0.50955,0.61642,2.14022,0.60739,1.06756,0.0001883,0.0001883,0.0001883
185,408.082,0.61837,1.24704,0.58373,1.05556,0.93906,0.81132,0.93722,0.78269,0.86989,0.75472,0.8572,0.53803,0.61154,2.057,0.59202,1.06927,0.0001784,0.0001784,0.0001784
186,409.938,0.59787,1.2089,0.52279,1.01626,0.93906,0.81132,0.93722,0.78269,0.86989,0.75472,0.8572,0.53803,0.61154,2.057,0.59202,1.06927,0.0001685,0.0001685,0.0001685
187,411.828,0.57319,1.20254,0.5339,0.99259,0.93906,0.81132,0.93722,0.78269,0.86989,0.75472,0.8572,0.53803,0.61154,2.057,0.59202,1.06927,0.0001586,0.0001586,0.0001586
188,414.744,0.56411,1.07227,0.51162,0.98148,0.94502,0.83019,0.94103,0.79397,0.90207,0.79245,0.88089,0.5671,0.62153,1.96978,0.57625,1.08249,0.0001487,0.0001487,0.0001487
189,416.645,0.58177,1.12814,0.52659,1.01517,0.94502,0.83019,0.94103,0.79397,0.90207,0.79245,0.88089,0.5671,0.62153,1.96978,0.57625,1.08249,0.0001388,0.0001388,0.0001388
190,418.859,0.59996,1.2727,0.5477,1.03774,0.94502,0.83019,0.94103,0.79397,0.90207,0.79245,0.88089,0.5671,0.62153,1.96978,0.57625,1.08249,0.0001289,0.0001289,0.0001289
191,448.138,0.71031,1.41656,0.76476,1.17053,0.92389,0.81132,0.93813,0.80284,0.88058,0.77358,0.85207,0.58151,0.62904,1.90744,0.56757,1.09968,0.000119,0.000119,0.000119
192,449.941,0.62512,1.35574,0.80712,1.04626,0.92389,0.81132,0.93813,0.80284,0.88058,0.77358,0.85207,0.58151,0.62904,1.90744,0.56757,1.09968,0.0001091,0.0001091,0.0001091
193,451.901,0.6438,1.26096,0.80142,1.16376,0.85726,0.90651,0.94334,0.80058,0.82441,0.79245,0.84153,0.60169,0.6044,1.88032,0.54543,1.08274,9.92e-05,9.92e-05,9.92e-05
194,453.916,0.61643,1.29191,0.69273,1.13492,0.85726,0.90651,0.94334,0.80058,0.82441,0.79245,0.84153,0.60169,0.6044,1.88032,0.54543,1.08274,8.93e-05,8.93e-05,8.93e-05
195,455.89,0.61118,1.35708,0.70875,1.09565,0.85726,0.90651,0.94334,0.80058,0.82441,0.79245,0.84153,0.60169,0.6044,1.88032,0.54543,1.08274,7.94e-05,7.94e-05,7.94e-05
196,457.871,0.68391,1.20345,0.82338,1.15002,0.85545,0.92453,0.9457,0.80912,0.84255,0.81132,0.84218,0.62466,0.59128,1.89558,0.5482,1.07465,6.95e-05,6.95e-05,6.95e-05
197,459.675,0.63942,1.2304,0.70217,1.13125,0.85545,0.92453,0.9457,0.80912,0.84255,0.81132,0.84218,0.62466,0.59128,1.89558,0.5482,1.07465,5.96e-05,5.96e-05,5.96e-05
198,461.406,0.52656,1.28975,0.63833,1.01262,0.85545,0.92453,0.9457,0.80912,0.84255,0.81132,0.84218,0.62466,0.59128,1.89558,0.5482,1.07465,4.97e-05,4.97e-05,4.97e-05
199,463.157,0.67244,1.26457,0.69486,1.13155,0.8593,0.92453,0.94883,0.8211,0.82711,0.83019,0.84419,0.61982,0.5785,1.95583,0.56314,1.06131,3.98e-05,3.98e-05,3.98e-05
200,464.87,0.57113,1.27911,0.65599,1.03564,0.8593,0.92453,0.94883,0.8211,0.82711,0.83019,0.84419,0.61982,0.5785,1.95583,0.56314,1.06131,2.99e-05,2.99e-05,2.99e-05
